Name,Grid Error,Surface Error,Importance Error
armadillo,0.017589849989572092,0.0028096244,0.005017084433072059
