Name,Grid Error,Surface Error,Importance Error
bumpy-cube,0.06816008619183235,0.0024434745,0.008962119235848573
