Name,Grid Error,Surface Error,Importance Error
armadillo,0.15851956589365693,0.003681396,0.019373815177081453
