Name,Grid Error,Surface Error,Importance Error
bumpy-cube,0.006289101535190425,0.005817906,0.005708493236740009
