Name,Grid Error,Surface Error,Importance Error
armadillo,0.011230539058951461,0.0028942288,0.004878686594754993
