Name,Grid Error,Surface Error,Importance Error
armadillo,0.009656445999223032,0.003213369,0.00517231685315833
