Name,Grid Error,Surface Error,Importance Error
bumpy-cube,0.00853439405247643,0.0018689989,0.0028132830179266807
