Name,Grid Error,Surface Error,Importance Error
bumpy-cube,0.009001557039582105,0.002345147,0.003249797983260006
