Name,Grid Error,Surface Error,Importance Error
bumpy-cube,0.0042168492208587635,0.0045590135,0.004513191141278005
