Name,Grid Error,Surface Error,Importance Error
armadillo,0.013448175962172291,0.0027088944,0.004710749934217481
