Name,Grid Error,Surface Error,Importance Error
armadillo,0.008849604243025177,0.010988249,0.010753868036265393
