Name,Grid Error,Surface Error,Importance Error
36086,0.006914214304549558,0.0015064548,0.0022111736720937664
