Name,Grid Error,Surface Error,Importance Error
armadillo,0.014693195489735248,0.003026473,0.005405564179029084
