Name,Grid Error,Surface Error,Importance Error
armadillo,0.008444285461017447,0.009488995,0.009377410690222842
