Name,Grid Error,Surface Error,Importance Error
34785,0.007992087778908245,0.0020377985,0.0030767467573445144
