Name,Grid Error,Surface Error,Importance Error
armadillo,0.00850865968440158,0.010714737,0.01041240099566133
