Name,Grid Error,Surface Error,Importance Error
armadillo,0.23327997087212826,0.0025475584,0.026002197284601503
