Name,Grid Error,Surface Error,Importance Error
34785,0.009726026562570942,0.002699869,0.003998330920752198
