Name,Grid Error,Surface Error,Importance Error
armadillo,0.009331187739426147,0.01058635,0.0104941254540569
