Name,Grid Error,Surface Error,Importance Error
bumpy-cube,0.004719682925443492,0.004697714,0.004706345965681495
