Name,Grid Error,Surface Error,Importance Error
armadillo,0.013996862689798207,0.0028184913,0.004993129574251318
